{
  "class": 0,
  "instance_id": 6,
  "num_branches": 3,
  "num_main_nodes": 3,
  "internode_lengths": [
    0.0007575503550469875,
    0.1119229169562459,
    0.08342975005507469,
    0.021170954685658216
  ],
  "spacing_h": 0.007423180229518645
}